{"cameraMode":{"drawMode":0,"name":"Shaded","section":"Shading Mode"},"sceneLighting":true,"audioPlay":false,"sceneViewState":{"m_AlwaysRefresh":false,"showFog":true,"showSkybox":true,"showFlares":true,"showImageEffects":true,"showParticleSystems":true,"showVisualEffectGraphs":true,"m_FxEnabled":true},"in2DMode":false,"pivot":{"x":-1.9184355735778809,"y":-4.539381980895996,"z":-6.48187255859375},"rotation":{"x":0.06666666269302368,"y":-0.17831487953662873,"z":0.012113487347960472,"w":0.9816424250602722},"size":0.4395388662815094,"orthographic":false}